"","V1","V2","V3","V4","V5","V6","V7","V8","V9","V10","V11","V12","V13","V14","V15","V16","V17","V18","V19","V20","V21","V22","V23","V24","V25","V26","V27","V28","V29","V30","V31","V32","V33","V34","V35","V36","V37","V38","V39","V40","V41","V42","V43","V44","V45","V46","V47","V48","V49","V50","V51","V52","V53","V54","V55","V56","V57","V58","V59","V60"
"1",0.262308954139124,-0.0837889190638757,-0.0294425397924564,-0.00384157564658157,0.00385116074908474,0.00588312436125891,0.0098225146187724,-0.0765594312317903,0.00358239899851205,0.0331887753461623,-0.0398295028403914,-0.0148388168865738,0.050299167960542,0.0147850732189746,-0.0353882670433706,-0.0202668297148575,-0.0100824206147174,0.00296913074249605,0.0382610196651352,-0.0171778429943064,-0.00834215864093944,0.0117783751668827,0.0261504092608733,-0.0161648053780121,0.0161955438718316,0.0189275456264339,-0.00488695145898405,0.00389428511080476,0.00863070195193913,0.00375987188307633,-0.000807698899695205,0.000429817548404064,-0.0330756980995276,0.0063416842601592,0.019094205178313,0.0168060551524045,0.039975412923956,-0.0162847216214558,-0.0371813962731742,-0.00457313351672611,0.012351810427622,0.0171300374658641,-0.023431998207999,-0.0073567074124891,-0.00665389589239656,-0.00928539281689738,0.00443449594496474,0.0223278428478289,0.0315806245825772,-0.0272973176634518,0.045805222012293,0.0306088371059299,-0.0126197825341498,0.0194899193360858,-0.0211187377678328,0.0800955305981964,-0.0694319125225181,-0.0346554563715494,-0.0348340751578173,-0.00890787463594563
"2",-0.0837889190638758,0.324105592354686,-0.126530660173607,-0.0389172741047179,0.0148714927340141,-0.0334346643913764,0.00851551535481713,-0.0176198488278847,0.0128649655602802,0.00802638521594791,-0.0190075754943308,0.000825972091149849,-0.00243353802700285,0.0108785367942576,-0.00503911110927137,-0.0226114384460866,-0.00526608927814495,0.00467025161602576,0.0282884344192068,0.00250544593665037,-0.0147166786295596,0.0117058624300294,0.0151296658355071,-0.007350660599424,0.0120856164747658,0.027048182936174,-0.0232186348625029,-0.0161575420459643,0.01983373990267,0.0163302931150689,-0.00466229477098606,0.014137444686948,-0.00786322312811234,-0.0129495066145795,0.00473760494124215,-0.01432783752304,0.00112539143489878,-0.00967488741563373,0.00582898023522953,0.0223027447641147,0.00563093496578979,-0.000920013084039193,0.0144462726908932,-0.000785961772610857,-0.011228544045005,-0.0147248736011848,-0.000605074238054186,0.0315108653066537,-0.050036169939667,-0.0192987368389691,0.00114280216957479,0.0117560050924209,-0.00468124843670417,-0.0283579048474775,-0.0370149053496493,0.0204979732370832,-0.00803365335888927,0.0214826572537546,0.0109641158690463,-0.019258387219686
"3",-0.0294425397924563,-0.126530660173607,0.313470451441043,-0.0840923322212247,0.000509211248417688,-0.0326001218737789,0.0272139414751149,0.0295134299236769,-0.0408102863983431,0.007454630544827,0.017479995336225,0.00484826554807063,-0.0211214871894522,-0.0206716713948453,0.0103302796314693,0.0348919198462311,-0.0137069567553252,-0.00698943783055693,-0.0041818203590596,0.00772307673141971,0.0133969221900121,0.0167000321493251,-0.00269847310205243,-0.024519731826796,0.0329709235005072,-0.017174118025116,-0.0188424310218094,0.03939897127804,0.0118346351997487,-0.0211031519194622,0.00240082729317255,0.00738709961033593,0.0320347984126047,0.000952346133062816,-0.0176602477626473,0.0114027723214058,0.0117511367227104,-0.0313545617827811,0.0225852761758099,0.0137244342570982,-0.0235681335417621,-0.0137505410256273,0.00718626585418048,-0.00773446013782404,0.0307972038236538,-0.028396142114506,-0.0105915301538667,-0.0300426913762791,0.00168021454331686,0.0412968464952511,0.0164779600571179,-0.00143008373047918,-0.0133118731501654,-0.00681309505322986,0.0145546051972272,-0.0221756256418102,-0.0268980699929034,-0.021149048337001,-0.000297079877486639,-0.0221221147767876
"4",-0.00384157564658154,-0.0389172741047181,-0.0840923322212247,0.349428711570972,-0.120492570132813,0.0345278079224444,-0.0331337415905327,-0.00981539703086683,0.0200660111653563,-0.0147622894462371,-0.00214996791659714,0.00659516725144612,0.00397942894461708,-0.0210686036155155,-0.00560010588234986,0.0204454741663403,0.0406951462690038,0.00607128323690988,-0.0250147738838775,0.0187167549811292,-0.034210428035169,-0.00217039503347217,0.0103935569630158,0.0126902754592181,0.0121541491571259,-0.00485424331572001,0.0275631096954243,-0.0112084130011213,-0.000860174559397937,0.00289545780904194,-0.0365170821435558,-0.000324126169437633,0.0535182255922793,0.0167884491245171,-0.0519758467853596,-0.0223390339753116,0.00429592737695093,0.0600241412428648,-0.0200658925890381,0.016071497032276,-0.0107278311410644,-0.0225483148401782,-0.0130229816382574,-0.00876085354711347,-0.001764934876227,0.0218081053488573,0.0192411996571723,0.00285969253725009,-0.0211957660342792,0.0305198293741333,0.00813740796711554,-0.0399796892442093,0.00488568689987487,0.00821222858750948,0.0196684523104271,-0.0573135280001168,0.0480342654362224,-0.010305168031643,-0.0333535600503781,-0.0061414943368684
"5",0.00385116074908472,0.0148714927340141,0.000509211248417657,-0.120492570132812,0.249489629609128,-0.105419132375629,0.0497784625485393,-0.00236514829340561,-0.00464925334858744,0.0187400068964921,-0.0250735825234029,0.0112764613408683,0.0143695705799708,-0.0103010163320234,-0.0163700880526849,-0.00234199232933216,-0.0259884381414664,-0.0122616488630587,-0.0259550001222379,-0.00183653664417039,0.0484548656999865,-0.0145312741980887,-0.00517552968787079,0.00872732042252187,-4.60869253480266e-05,-0.00212600554897251,-0.026344567031508,-0.00453352536866741,0.00534047844875125,0.0185695606506888,0.0298645737711365,-0.00799940371268398,-0.0335813144074386,0.00254093767419803,0.010836137454982,0.00129216152702172,0.0163081496582546,-0.010969155808762,-0.0123693525079325,-0.00462632601576507,0.0256947324719985,-0.0123791935504786,-0.00168837282194925,0.00943717151880755,-0.0106501349864378,-0.0132279284206634,-0.0213879910281353,-0.00694690561575742,5.45979704469498e-06,0.0085942288263545,0.0228835652442055,-0.00624981476628572,-0.0325283008006801,-0.00506721759851179,-0.028543168617475,0.0265103806162798,-0.0152973661217313,0.0145451913791236,-0.00499093410118804,0.0246860157506521
"6",0.00588312436125887,-0.0334346643913763,-0.0326001218737788,0.0345278079224445,-0.105419132375629,0.272629155348391,-0.112940723990459,-0.0256194454308523,0.0172122780476113,0.00180011111900632,0.0168555545607713,-0.0455958663321761,-0.00400101405519609,0.0126938402746311,0.00672042209140771,-0.00840986353122295,-0.0228667606790749,-0.0100033845871877,0.0153782214361336,-0.00119814658110782,-0.00873045422602567,-0.0184731051679919,-0.0130261699569155,0.00611807722347635,0.00126433030125249,0.00634179315794091,-0.0132588169185112,-0.00188067063087903,-0.0176406733541349,0.0163922848453732,-0.0080584512305463,-0.0106825245093693,0.00854840191184002,-0.0285520178431698,-0.0158769666567791,0.0113440384511756,0.0159351820704532,0.0366246179752905,-0.0202245882990257,3.90650800855919e-05,-0.0115687464158075,0.0143733797257606,-0.0158380597703396,0.0270826599022142,-0.0576240153421164,0.0198745507559466,0.0390023311454785,-0.0162405609061021,0.00962074132163982,0.00893045806447271,-0.0288559965292218,-0.0125122405548794,0.00157728856468407,0.000695797189870492,0.00939118687615063,-0.000265251156513411,0.0117557493185672,-0.0243275334755632,0.00762125648469871,0.0374388928163929
"7",0.00982251461877249,0.00851551535481717,0.0272139414751148,-0.0331337415905327,0.0497784625485394,-0.112940723990459,0.266326389121018,-0.118763044441548,0.0240665200369945,0.00282490618495288,-0.0171457322663337,0.00680711916950521,-7.73603121516932e-05,-0.00473486903908388,-0.0361264949050967,0.00388230605340967,0.0105528820186834,-0.0161170279838522,-0.0328779988763399,0.0307846089878469,0.0102074156765093,0.0387913644715363,0.00746281314863716,-0.0414935224405336,0.0125058694161937,0.00162067923959265,-0.00790201067178427,-0.0107289931843603,0.00166994808587806,-0.0281528720313767,0.0448592417825802,0.0335594223411885,-0.0452987862145006,0.00810424811722631,-0.0123164179388504,0.00832453805059539,0.0570724197376727,-0.0262271026201278,0.0146789180679454,-0.0215870062117546,0.0153419919062002,0.00252626900801352,0.0408052976589072,-0.0438960317404976,-0.0218539413464717,0.00875279980552161,-0.00845307927838274,-0.0172530849611218,-0.0120140543347126,-0.0074929372863998,0.0258519390242369,0.00372744440576797,-0.0207676119948367,-0.0130686029666894,-0.0257366658200276,0.0513071997011256,-0.0308409545976037,-0.0220520485847499,0.0139969229123914,-0.0478643653251959
"8",-0.0765594312317906,-0.0176198488278846,0.0295134299236769,-0.00981539703086683,-0.0023651482934055,-0.0256194454308524,-0.118763044441548,0.426200343033344,-0.19105984668585,-0.0949998221104431,0.0292857126413236,0.0382383712898391,-0.0172910610310722,-0.0191427454815041,-0.0215366430232946,-0.0129823220877617,0.0543597835549654,0.019174676704926,0.0299831536931471,-0.0373326332736275,0.00184240532216842,0.000813617628545944,-0.0611690066307931,0.0287440057989891,-0.0549836229899111,-0.0147435539953611,0.0754917177256965,-0.0262372837622182,-0.0274046041059668,0.00589111231778482,-0.0291745687521713,-0.0142716003802183,0.0428847678719792,0.0315524949659653,-0.0153249944976984,-0.0375173624208866,-0.0606381915485971,0.0418795507761536,0.0071766631366222,-0.0326599716439531,-0.0020916815159144,-0.0474757265517218,-0.0101895628546078,0.0661754699820782,0.0176154701494423,0.0100832751069492,0.000610433381945568,0.0109209714092534,-0.0184912518922094,-0.0140111616178042,-0.0524560142713282,-0.00979697700623491,0.0200495046994013,0.00760806586643032,0.043883581993493,-0.100557870731042,0.0575895912334164,0.0448318733169394,0.00583476069985657,-0.0339541909767778
"9",0.00358239899851207,0.0128649655602803,-0.0408102863983431,0.0200660111653563,-0.00464925334858738,0.0172122780476112,0.0240665200369945,-0.19105984668585,0.4218893678728,-0.155324604366789,-0.0621828448551147,0.00656029066405199,0.00174181578941107,0.00418097609335648,0.0130497879943855,0.00137825324312611,-0.0411131676637188,-0.0163064061940763,0.0153466978214084,-0.0248034248225581,-0.0227560421746657,0.0378282312187596,0.0161904715185662,-0.0210591067257864,0.0316207617228822,0.0128002090324127,-0.0319044767623362,-0.00656193283899759,0.0320783761720126,-0.0384266282217388,-0.00113293134019458,-0.0141242981851138,-0.00694968849313062,-0.0258687651745909,-0.00992682127928777,0.0177726686029003,0.0222464625282341,-0.0568079167649126,0.0108180894272292,0.0191691960878333,0.0132546240428248,0.0123262882847076,0.0111035025067011,-0.000646584171570777,-0.0290925508617931,-0.0155660657958143,0.0440989414577423,0.00791149932303039,-0.0122147537013855,0.00535582086213723,-0.00936213745523966,0.0152567164714896,0.00866389603500239,-0.0442211900400054,0.0213857804009693,0.00945097899586144,-0.00868253366312226,-0.0191208449250424,0.0245801133882924,0.05809161276897
"10",0.0331887753461628,0.00802638521594801,0.00745463054482698,-0.0147622894462372,0.0187400068964923,0.00180011111900643,0.00282490618495295,-0.0949998221104433,-0.155324604366789,0.47398579337174,-0.192291693744875,-0.000937314808176441,0.0320899240103552,0.00130089681964424,0.000410797973740233,-0.0300864346329708,-0.0194610712421062,0.0117799412999749,0.0210593996494591,0.0239684672083241,0.0154067158484106,-0.0245358402949005,0.0345552028435308,0.0026959478346559,0.0534273323432896,-0.00403917556150879,-0.0400206679221529,0.00642814376913733,0.0172216927171197,0.0116397949741166,0.0313033443059627,-0.000958921310874291,-0.0401053179751073,0.000993499089096795,0.00751424388632855,0.00766587969697872,0.0285691860693482,-0.00107800797829344,0.00250744942433113,-0.00764310298068674,-0.00490020647225604,0.0368158708786831,0.0285374168921158,-0.0359558022900602,-0.0282893470280744,0.0029321784001847,-0.00686290071660484,-0.0174112403162865,0.00210349233150704,-0.00572951164720869,0.0263873787154404,-0.00473385916627151,-0.0201482420818043,0.0149692603632309,-0.033924097626836,0.066594166493603,-0.0469682570645919,-0.0271709452417163,-0.0166489895964354,0.0060784801631808
"11",-0.0398295028403914,-0.0190075754943308,0.0174799953362248,-0.00214996791659713,-0.0250735825234028,0.0168555545607713,-0.0171457322663338,0.0292857126413235,-0.0621828448551147,-0.192291693744875,0.489626068734285,-0.213167532327935,-0.0279017321318581,0.0105271653846582,-0.0126481803914779,-0.00809196136589379,0.00726323553360441,0.0150732466901028,-0.00683168554244583,0.00656888463258786,-0.0041562855812907,-0.0127818892950471,0.018986917447299,0.0166757362743992,-0.0368488771804559,-0.0169584462304878,0.00357448959274705,0.00710608585685286,0.0202704826373339,-0.0327166810127526,0.0137897999287134,0.00783304027174449,-0.00918030069800926,0.000751339813297737,-0.0043342083727213,-0.0246229394538273,-0.0352980307438549,0.0345324259198314,-0.00296421285146087,0.00234381891436134,-0.00233598496124659,0.0167949185483166,0.0227908599194787,0.0131801668641963,0.033363983269646,-0.010388271214039,-0.0132027220962909,-0.0292084965498876,-0.0088898926434973,0.0422396852428922,0.00263427755385191,-0.00342638052132484,-0.00269445491150095,0.0181544612404692,-0.00250541532752264,0.0169899719236936,0.00420364403052096,-0.0182185182166003,0.00150991380560197,-0.0410221184615368
"12",-0.0148388168865739,0.000825972091149712,0.00484826554807062,0.00659516725144606,0.0112764613408683,-0.045595866332176,0.00680711916950531,0.0382383712898391,0.00656029066405182,-0.000937314808176434,-0.213167532327934,0.426914485540548,-0.211963708986159,-0.000177092783410262,0.0290177605563208,0.0325854323797501,-0.00278664781615381,-0.027301080529238,-0.00410548263045598,-0.00219077377431983,0.00965597761980432,0.0100517594574606,0.00279401130870156,0.0186065824564124,-0.0313104344346987,-0.0148690659401504,0.0163742685130367,0.0252388182258128,-0.00963439830489589,0.0161782940555751,-0.0393323491684913,-0.0476772254820708,0.0729745391074956,-0.00697104119312123,-0.0132216626378952,0.0277886985687813,-0.0224600419499298,0.00879426073703306,-0.0152883736405546,-0.0131924236118707,0.00546381633534681,-0.0182988024421393,-0.0441869563557072,-0.00156922205239141,0.0319120896087053,-0.00484434618029211,-0.0124402297869819,0.0412521725134678,0.0141169130077904,-0.0204765838652623,0.0226918099872595,-0.030682999507791,0.012505933697586,0.000704445683620188,0.00859234214711343,-0.0658830607318925,0.0201835216044832,0.0463993308375307,0.0266406319905102,-0.0259389220401277
"13",0.0502991679605421,-0.00243353802700293,-0.0211214871894523,0.00397942894461704,0.0143695705799709,-0.00400101405519619,-7.73603121516519e-05,-0.017291061031072,0.00174181578941104,0.0320899240103551,-0.0279017321318584,-0.211963708986159,0.451471487383196,-0.168349801398611,0.00504067818430133,0.00430822950456557,-0.0266322920360219,-0.0141031959499479,-0.001914960295908,0.00685327067682587,-0.00279598886028489,-0.00104961130036393,0.0295553043455573,0.0152568796606594,0.0170899957269688,0.00230417087255065,-0.0262693230558266,-0.0264354683192485,-0.023445162050753,0.0272057663517844,-0.00606450584220386,0.0286430802495697,-0.0383430594152328,-0.0188695922167489,0.0348004611042503,0.00145036280723026,0.0362183592569231,-0.0100987471739958,0.00565503510682952,0.0297764350947766,-0.0165889474457466,-0.0138959219784587,-0.0195233441314105,-0.0152665305268772,0.00196151738982466,-0.0233375720777625,0.0175152786240382,0.00878434290122713,0.0154481897347985,-0.0220301122432289,0.00678412885450341,0.0219156571331711,-0.00326791304329692,0.0131605475472307,-0.0548420444235092,0.0326563300466498,-0.0170997436440668,-0.0273075898284947,-0.065920282682603,0.0087250399782863
"14",0.0147850732189745,0.0108785367942577,-0.0206716713948453,-0.0210686036155153,-0.0103010163320234,0.0126938402746311,-0.00473486903908378,-0.0191427454815041,0.00418097609335641,0.0013008968196443,0.0105271653846582,-0.000177092783410208,-0.168349801398611,0.398099847225535,-0.204036189277737,-0.00579102806874252,0.0111911947999836,-0.0102958161513703,0.0189960733487936,-0.0168936043696991,0.00197837396603398,0.00428365694647271,-0.0203073918177272,-0.0112965080374324,0.0216369192004453,-0.00127647857381605,-0.0226805561184719,0.0327947072323145,-0.0370284750102605,0.0141458528791581,0.00216177163502719,0.0293879331768516,-0.0283163225558275,0.022354098678154,0.017118568370496,-0.00967421841054953,0.0128218544132851,0.0136904503507675,0.00565802498171228,-0.0456211045900806,0.0223285702171953,-0.0148224463965189,-0.00142439048549072,-0.000334162583536488,-0.00726759552323911,0.0277100651560864,0.0204913944418557,-0.0195553631235426,-0.00454873920499859,-0.00559524437740474,-0.0185139133993892,0.00473001139749521,-0.0082141203728042,0.00228721944117462,-0.011358015250258,0.00467658800792703,-0.0137379130088271,-0.000237410125237198,-0.000590914270503848,0.0252914785996675
"15",-0.0353882670433707,-0.00503911110927148,0.0103302796314694,-0.00560010588234987,-0.0163700880526848,0.00672042209140772,-0.0361264949050964,-0.0215366430232944,0.0130497879943854,0.00041079797374021,-0.0126481803914779,0.0290177605563207,0.0050406781843012,-0.204036189277737,0.485357668931574,-0.228181745019214,-0.0379219294807572,0.0227834277130045,0.00860139520115102,-0.00122597626034061,-0.0125044751836437,-0.00647578930170645,0.0159782312178991,-0.0163102776742007,0.0178385126979333,-0.00512731760329319,0.015061909504788,0.0154635178752038,-0.0147887745508402,-0.0122064358243912,-0.0103951621367006,0.0252488259782348,0.00583522190097737,-0.019969428659679,0.0410670032371282,0.0338342450868617,-0.0283640900283845,0.0047894531582861,0.00230965940776983,-0.00299362853535358,0.0180697489916754,0.00653825528480055,-0.0102186126171706,0.0048485926426729,-0.00182358453334718,-0.0086896572272533,-0.0370924435143838,0.0161927476843275,0.0179296851454773,0.0188753593084399,-0.00431057525120285,-0.00940541419624448,0.0193787876239115,-0.0123616798762575,0.00176626750962113,-0.00935408052040459,-0.00310153499127006,-0.0248684634479995,0.0135441094086492,-0.0064734784786171
"16",-0.0202668297148575,-0.0226114384460864,0.0348919198462312,0.0204454741663402,-0.00234199232933218,-0.00840986353122284,0.00388230605340949,-0.0129823220877619,0.00137825324312625,-0.0300864346329706,-0.00809196136589373,0.0325854323797501,0.00430822950456573,-0.00579102806874238,-0.228181745019214,0.525904020715333,-0.199839530992508,-0.0379388728570233,-0.0349898303322379,-0.0117450372844604,0.00287948415781846,-0.0146510452835111,-4.71797207626942e-06,0.0319557414454167,-0.028830707674147,0.0110346355419041,0.0142483430621845,-0.00623692592894261,0.0271956095660772,-0.0034048073395135,0.00269786737553792,-0.027936580597232,0.0106059044799286,0.0096632680585105,-0.00561761237013416,-0.0101923771946876,-0.0304238478580418,0.0189241462266798,0.0126363345633569,0.027826819012877,-0.0268859918918059,0.0234853652344208,0.0170022709194538,-0.012234695200512,-0.0108531903060766,-0.024551894161834,-0.0120210400903179,0.00931529960653798,0.00361947046629274,0.0121220401082231,-0.0325473618286361,-0.020685415656256,-0.00345744908241646,-0.00971196095719594,0.00488385476797101,-0.0364175615772537,0.0268294324840819,0.0279961725331165,-0.0143881325667766,0.00318453269679
"17",-0.0100824206147175,-0.00526608927814487,-0.0137069567553252,0.0406951462690039,-0.0259884381414663,-0.0228667606790748,0.0105528820186834,0.0543597835549656,-0.0411131676637186,-0.0194610712421063,0.00726323553360436,-0.00278664781615389,-0.0266322920360219,0.0111911947999835,-0.0379219294807573,-0.199839530992508,0.547632432042834,-0.257716788798977,-0.0500786500113101,0.0565830302624827,0.00149227377285533,-0.0368404503353087,-0.00205589147024087,0.0159774844114106,-0.0193135535736161,0.00873298380217273,0.022787622078368,0.00814195464350122,0.00640032257879222,-0.0294434182418213,0.00732384172846116,-0.0176406074749147,0.0377479293727416,0.021559644366819,-0.00602688660422754,-0.00680996580331333,-0.0437434135603572,0.012833568637781,0.0282001121102988,0.000977427390699311,0.00410099166133839,-0.0263579027651896,0.021048250176698,-0.00137373197779554,-0.000352601876264752,-0.00471608351348823,0.027485986133072,-0.020177897454783,-0.0159774309041727,0.0174983587523801,-0.0106456269857711,0.0162654088852642,0.000208907477652645,0.0284756890626288,0.00470891233962041,-0.0211243248061965,0.00758216076523066,0.018035738370594,-0.0151394758259825,-0.00783284670711025
"18",0.00296913074249614,0.00467025161602584,-0.00698943783055704,0.00607128323691006,-0.0122616488630588,-0.0100033845871877,-0.0161170279838521,0.0191746767049261,-0.0163064061940761,0.0117799412999746,0.0150732466901027,-0.027301080529238,-0.0141031959499478,-0.0102958161513703,0.0227834277130046,-0.0379388728570231,-0.257716788798978,0.54985349100151,-0.199369375454948,-0.0302398301150835,0.0121430319919638,-0.00830322039815421,-0.0171158139190242,0.0126554426359893,-0.0144491364551162,0.00569731081983796,0.0301061857742934,0.020072673336448,-0.0208524714723098,0.0159057443982455,-0.024512777997168,-0.00500519823181368,0.021722349799931,0.0378259966238199,-0.0143260179503503,-0.0128028782486872,-0.0026037819580024,0.00695922735860198,0.020403011952391,-0.0251353691472121,-0.0211894218278258,-0.0103097730344219,-0.00441082430758669,-0.0245762040244226,0.0409584497704845,0.0289846912133047,0.00459107145533803,-0.0147692550332824,-0.00581772745336528,-0.00950109968184697,0.0209020356969638,0.0395715548542365,0.00303462371114836,0.0214126699700867,0.00891900894731479,0.00072438733978404,0.00943468096207281,-0.00150060307518213,0.0163002800703493,-0.0221954563176839
"19",0.0382610196651352,0.0282884344192068,-0.00418182035905951,-0.0250147738838775,-0.0259550001222379,0.0153782214361336,-0.0328779988763399,0.0299831536931473,0.0153466978214084,0.0210593996494592,-0.00683168554244587,-0.00410548263045595,-0.00191496029590801,0.0189960733487936,0.00860139520115103,-0.0349898303322381,-0.0500786500113101,-0.199369375454948,0.4826457269085,-0.237530921548456,0.0145392100747398,0.00526550591771578,-0.0166664484438055,-0.00622308960651296,0.0110156264101978,-0.0036614741484815,-0.00748072948992197,0.0198658632077817,-0.00818374995811327,1.47712231422046e-05,0.00479983056711472,0.0173165049964908,-0.0289462443211726,-0.0100062173528087,-0.00826828120009164,0.0173229731087651,0.0238924508906462,-0.023961437465849,-0.0180723088617289,0.00421009848097832,-0.0130061309721541,0.0124239006864845,0.021612826888022,-0.0159731329446117,0.00390719577282318,0.032032025203564,-0.0181604006321403,0.0201009808776586,-0.00358280820357698,-0.0149644629237581,-0.000289162095474674,-0.0301258155109756,0.0121006066674279,-0.0140640041247394,0.0120330263775568,0.0232132812124741,-0.0149909596674341,-0.0138511783862027,0.0194173815302149,0.000563906172669793
"20",-0.0171778429943062,0.00250544593665041,0.00772307673141971,0.0187167549811293,-0.00183653664417037,-0.00119814658110788,0.0307846089878469,-0.0373326332736276,-0.0248034248225582,0.0239684672083241,0.00656888463258773,-0.00219077377431997,0.00685327067682585,-0.0168936043696991,-0.00122597626034057,-0.0117450372844604,0.0565830302624827,-0.0302398301150834,-0.237530921548455,0.546078137008236,-0.243865870100826,-0.0130709498833881,0.00361628970672445,-0.0164022587881359,0.0611738664985975,0.00382060067105388,-0.0218646463718528,0.0115654686221388,0.0177056150812647,-0.011335985970655,0.00729777786395978,0.012083705543239,0.00766841900299949,-0.0346423122964103,-0.00418574791992521,-0.00746831811409926,0.0125527301297463,0.0118373953144011,-0.0246673119050652,-0.025629055445402,0.0430845545647249,-0.0158999726871954,0.0192237765452717,0.0161579338873357,-0.017553221146188,-0.0132163975082109,-0.023049944197759,0.0180879957239461,0.0169448478233375,0.0147870083482826,0.0371495801056784,-0.0013567630054236,-0.0386789886523512,-0.00663312227840144,-0.0292890066797427,-0.00607942069678272,0.0109266683437961,0.000186298764679649,-0.0235496494473336,0.0134930692543703
"21",-0.00834215864093948,-0.0147166786295595,0.0133969221900123,-0.0342104280351692,0.0484548656999868,-0.00873045422602571,0.0102074156765093,0.00184240532216833,-0.0227560421746658,0.0154067158484105,-0.00415628558129059,0.00965597761980434,-0.00279598886028498,0.00197837396603406,-0.0125044751836437,0.00287948415781852,0.00149227377285527,0.0121430319919638,0.0145392100747399,-0.243865870100826,0.48254534138114,-0.227281880982461,0.0273971783388098,0.00596336915057002,-0.000144012326781877,-0.0029242020830246,0.0141326412389024,-0.00364854805902262,0.0182954360790712,-0.0158775918971528,0.056582673322283,0.0113900886211176,-0.010927859257341,-0.0214315634210917,-0.00607753101281679,0.00998247305785328,0.00588855018033397,-0.0001640189448259,-0.00450420966687953,-0.0186226404501916,0.0199688626842521,0.0136162588074966,-0.0027734065388386,0.0282643286860246,0.00675892708540968,0.00551807645217189,0.0270793595087711,-0.0132475994766151,-0.0131798075332152,0.00176029325542933,0.00481664397242624,0.0204443803961655,-0.0123735287555026,-0.000498467732268932,-0.00978048252510161,0.00667314155830206,-0.0468384607863693,-0.00141197759524186,0.00187292839069118,0.0271852558414067
"22",0.0117783751668826,0.0117058624300294,0.016700032149325,-0.00217039503347219,-0.0145312741980887,-0.0184731051679919,0.0387913644715361,0.000813617628546171,0.0378282312187595,-0.0245358402949005,-0.0127818892950471,0.0100517594574607,-0.00104961130036394,0.00428365694647288,-0.00647578930170651,-0.0146510452835107,-0.0368404503353088,-0.00830322039815416,0.00526550591771574,-0.013070949883388,-0.227281880982461,0.500952225089209,-0.2256466841784,0.021961877810164,-0.0109413259579623,-0.0149249313104093,-0.0212853611395189,0.00916279138161705,0.0146203157738232,0.014107179875452,-0.0157218019749587,0.023089499097255,0.00518495570954309,-0.00325804481520991,-0.00869806721124047,-0.0127699902999849,0.0286451072768535,-0.0225868515609577,0.0315613453539713,0.0226856521137365,-0.00853338264340192,0.0357544391369877,-0.00615777031665409,0.00480356554917893,-0.00912397774337232,-0.0119033546300996,-0.0199322598951039,0.0114174554988126,-0.0155247198335943,-0.0414624806207651,0.030009054146118,0.0180579095162781,0.00283397993285587,-0.0322866643799414,0.0256886855520283,0.0221197500625532,-0.00319107478394815,-0.00261425604103696,0.0189645374676912,-0.0354079458414638
"23",0.0261504092608734,0.0151296658355071,-0.0026984731020525,0.0103935569630159,-0.00517552968787076,-0.0130261699569155,0.00746281314863718,-0.0611690066307935,0.0161904715185661,0.0345552028435309,0.018986917447299,0.0027940113087015,0.0295553043455573,-0.0203073918177272,0.0159782312178992,-4.71797207620946e-06,-0.00205589147024096,-0.0171158139190245,-0.0166664484438054,0.00361628970672451,0.0273971783388097,-0.2256466841784,0.508467501407584,-0.266064111874042,0.0243521003243,0.0238371116621386,-0.0325269704892046,-0.0113618108411869,0.0174197219945789,0.00155646927106603,-0.0023421128982834,0.00862548220081894,-0.000100923818009106,-0.0024144958092633,0.0237439637823429,-0.00788014437788795,0.0338400651744451,0.00939038706945769,-0.00487194771973414,0.00741083903146629,-0.0213123849792446,-0.00101038025447116,-0.0292012929860835,-0.0308578592996621,0.0189912937992736,-0.0121297584926189,-0.0100805364121479,0.0425854433814909,-0.00469545486648285,-0.0150197029207414,0.0350126122262029,-0.0325499881713876,0.0203323600827658,0.00996697341430954,-0.00999429609618772,0.0240027051343837,0.0104503437956658,-0.0324697443250873,-0.0191844139990609,-0.0226371186394896
"24",-0.0161648053780122,-0.00735066059942404,-0.0245197318267962,0.0126902754592181,0.00872732042252196,0.00611807722347633,-0.0414935224405338,0.0287440057989891,-0.0210591067257865,0.00269594783465599,0.0166757362743992,0.0186065824564123,0.0152568796606593,-0.0112965080374323,-0.0163102776742008,0.0319557414454168,0.0159774844114106,0.0126554426359894,-0.00622308960651291,-0.0164022587881359,0.00596336915057,0.0219618778101639,-0.266064111874042,0.467415521602237,-0.244625946872016,0.00240523340886601,0.0356806585173454,-0.00937101284766251,-0.00596412342045922,0.00563406143254387,-0.0188620622465627,-0.0232288083087417,0.00518596795578013,0.0252176116522584,0.011374218718714,-0.0161150697943808,-0.0288537723285632,0.00706357791571453,0.0249928642163107,-0.00702746015005612,-0.0211671826999248,0.00118117003389404,0.00324475790438651,0.00548893317260964,0.0151758381420318,-0.00816431983597627,0.0297489132240116,0.0240441471983212,-0.00786008100344153,0.0126537659920235,-0.0452942063296246,-0.0187154310967046,0.0325445797991111,0.00162177250807509,0.00420824903819633,-0.0262807026907267,-0.0173237742737858,0.0455667201992527,-0.0355862553036823,0.0197550485422369
"25",0.0161955438718316,0.0120856164747658,0.0329709235005073,0.0121541491571259,-4.60869253481299e-05,0.00126433030125238,0.0125058694161936,-0.054983622989911,0.031620761722882,0.0534273323432895,-0.0368488771804561,-0.0313104344346985,0.0170899957269686,0.021636919200445,0.0178385126979333,-0.0288307076741473,-0.0193135535736161,-0.0144491364551161,0.0110156264101979,0.0611738664985974,-0.00014401232678168,-0.0109413259579623,0.0243521003242998,-0.244625946872016,0.482271559538092,-0.219604996584714,0.00122725091465393,0.00255381030809426,0.00267681084656235,0.0166833451182714,-0.00302681052232617,0.0138575101316352,-0.00847635505865013,-0.019100131064366,-0.016112107133376,-0.00822303140566375,0.0439773653413795,0.0216197085541063,-0.00227254712536466,-0.00773166565930324,0.00615953005171501,-0.00922508005592614,0.0163503185421916,-0.0288510063043518,0.0149580318409199,-0.000928391066989794,-0.019171324907655,-0.022420881084657,0.00333326631062716,0.0240600915656074,0.0506204636113263,0.0416055425673768,-0.0493005736765021,-0.0119909012254103,-0.036077537978185,0.0260852610056748,-0.0371740008717915,-0.0125273136331584,-0.00464300963972156,0.00411139294954589
"26",0.0189275456264339,0.0270481829361741,-0.0171741180251161,-0.00485424331572003,-0.00212600554897256,0.00634179315794079,0.00162067923959262,-0.0147435539953611,0.0128002090324126,-0.00403917556150886,-0.0169584462304878,-0.0148690659401505,0.00230417087255063,-0.00127647857381609,-0.00512731760329319,0.0110346355419041,0.00873298380217262,0.00569731081983804,-0.0036614741484814,0.00382060067105384,-0.00292420208302468,-0.0149249313104094,0.0238371116621386,0.00240523340886593,-0.219604996584714,0.435774345430271,-0.238973393960855,0.0597601738210181,0.0166262012677778,-0.0256656035937252,0.0176714123796259,0.00913624167916889,-0.00710777562954652,-0.0291091804297862,0.00910731860585493,0.00474661608687996,0.00327189255062356,0.00549151714823713,-0.0147623886302414,0.00795899747970567,0.0169610975814631,0.00997058872176105,0.00691743026042218,0.013939991408767,-0.0204094176831683,-0.0279415728610942,0.0141697806545812,-0.00327912092202345,-0.0123387896338742,-0.000432738399473723,-0.00663915883567285,0.0276502535434366,-0.0199868638700435,-0.000120801002943071,0.0120247984914742,0.00600447224172088,0.0018595845046965,-0.0131197990027697,0.0270726860697414,0.0230735181874459
"27",-0.00488695145898402,-0.0232186348625029,-0.0188424310218092,0.0275631096954242,-0.0263445670315079,-0.0132588169185111,-0.00790201067178439,0.0754917177256967,-0.0319044767623362,-0.0400206679221528,0.00357448959274715,0.0163742685130367,-0.0262693230558267,-0.0226805561184717,0.0150619095047877,0.0142483430621844,0.0227876220783681,0.0301061857742934,-0.00748072948992176,-0.021864646371853,0.0141326412389026,-0.0212853611395189,-0.0325269704892047,0.0356806585173454,0.00122725091465393,-0.238973393960855,0.476065917019221,-0.21900441159776,0.0348230188397493,-0.00589982475073467,-0.0289380008446152,-0.017492048545779,0.0477786931699961,0.0586663653429066,0.0105806586846349,0.00654325006421448,-0.0794068556053288,0.0160105045513561,0.0269191453428247,-0.0306733658592926,0.0064289094172561,-0.0106003043339754,-0.016538400861471,0.00477062939916379,-0.0230104787028592,0.0394949969710466,0.00373201492465101,0.00972914994325804,0.029004192344525,-0.000483616751755366,-0.0363632520400824,-0.0235226815295683,0.0398804724686718,-0.00852489900121052,0.0573289689153674,-0.0393167259594871,0.0451427418817289,0.0241002747363187,0.00992635553447263,0.0111197282467175
"28",0.00389428511080473,-0.0161575420459644,0.0393989712780401,-0.0112084130011215,-0.0045335253686674,-0.00188067063087911,-0.0107289931843604,-0.0262372837622183,-0.00656193283899772,0.00642814376913743,0.00710608585685302,0.0252388182258128,-0.0264354683192485,0.0327947072323146,0.0154635178752039,-0.0062369259289424,0.00814195464350112,0.020072673336448,0.0198658632077819,0.0115654686221388,-0.00364854805902265,0.00916279138161714,-0.0113618108411868,-0.00937101284766248,0.00255381030809418,0.0597601738210179,-0.21900441159776,0.40829803746818,-0.233138920041134,0.0262442783384696,0.0157689064805754,-0.0470389174552892,0.026623783790901,0.0388722686869017,-0.02816351444271,1.20917194987372e-05,0.0148295968059247,-0.0121220121939078,-0.0191132048962647,0.0330702628612772,0.00954078110301922,-0.00430424637378555,-0.00107075600461388,-0.00728396044440252,0.00145194715007006,0.00433277914034036,-0.0123872408074798,0.00395162203733456,-0.0131976022442831,0.0246669240763522,0.00833567793162456,0.00120985085807487,-0.0121921340801455,0.0098289140568268,-0.0236734755337665,-0.00816239967586342,-0.00914208315982777,-0.00958625373830029,0.00404045108741129,-0.00440372056147971
"29",0.00863070195193924,0.0198337399026698,0.0118346351997486,-0.000860174559397845,0.0053404784487512,-0.0176406733541349,0.00166994808587807,-0.0274046041059666,0.0320783761720126,0.0172216927171197,0.0202704826373338,-0.00963439830489582,-0.0234451620507531,-0.0370284750102604,-0.0147887745508403,0.027195609566077,0.00640032257879227,-0.0208524714723095,-0.0081837499581132,0.0177056150812645,0.0182954360790711,0.0146203157738232,0.017419721994579,-0.00596412342045921,0.00267681084656224,0.0166262012677779,0.0348230188397494,-0.233138920041134,0.425891470437465,-0.203245209305845,0.0233781838426161,0.0249831535308355,-0.00569640521171384,-0.0274350241116152,0.0044347072153125,0.00185422585086756,0.0142471336945607,-0.0024485307539158,-0.0179050102145474,0.0209384812181889,0.00511126802678852,0.0275723703269925,0.00170883507232712,-0.016931615174217,0.0273660188080607,-0.0303194452169713,-0.023474507306053,0.00945194574492599,0.00936982224633177,-0.00190334745936493,0.0186279432705108,0.0248376731502041,0.0047644290340703,-0.0106145887348033,0.00699570678091091,0.0332458439156023,0.00154662385075309,-0.00930036913471961,-0.0100237209780071,0.0356200744194333
"30",0.0037598718830763,0.0163302931150689,-0.0211031519194622,0.00289545780904201,0.0185695606506887,0.0163922848453733,-0.0281528720313769,0.00589111231778501,-0.0384266282217387,0.0116397949741166,-0.0327166810127526,0.0161782940555751,0.0272057663517843,0.0141458528791581,-0.0122064358243912,-0.00340480733951348,-0.0294434182418213,0.0159057443982456,1.47712231420923e-05,-0.0113359859706551,-0.015877591897153,0.0141071798754521,0.00155646927106596,0.00563406143254392,0.0166833451182713,-0.0256656035937252,-0.0058998247507345,0.0262442783384696,-0.203245209305846,0.376273570236973,-0.193707670425052,0.0681295641680932,-0.0227389072109143,-0.0327663420627121,0.0192733319910264,-0.00243460614808436,0.0161950452488459,-0.0348142591261045,0.0153814593883807,0.0171898301755545,-0.00844054433038479,-0.00708287731075664,-0.00840238789918162,0.00633971878350368,-0.0383690416472381,0.000142814683697656,0.0205397600806418,0.00186521619977951,-0.0161778416021275,-0.00462366089098194,0.0054452826435416,-0.00969005572297178,0.00251797639703145,0.00414424977750066,-0.00373968674353203,-0.0120637565879986,0.00333681892965064,0.0298223215413527,0.00724565095125302,-0.01884104225421
"31",-0.00080769889969515,-0.00466229477098604,0.00240082729317259,-0.0365170821435559,0.0298645737711365,-0.00805845123054633,0.0448592417825802,-0.0291745687521714,-0.00113293134019449,0.0313033443059627,0.0137897999287132,-0.0393323491684914,-0.00606450584220377,0.00216177163502719,-0.0103951621367006,0.00269786737553801,0.00732384172846133,-0.024512777997168,0.00479983056711474,0.00729777786395975,0.056582673322283,-0.0157218019749586,-0.00234211289828357,-0.0188620622465628,-0.00302681052232616,0.0176714123796261,-0.0289380008446153,0.0157689064805754,0.0233781838426161,-0.193707670425052,0.391217958993695,-0.211638801976177,-0.00824270402464371,-0.0106438787248997,0.0126336934961371,0.024052371548385,0.012335455358113,0.00259325101316484,0.0152764986232315,-0.0185164275846497,0.0226773714047571,0.032230132583852,-0.0133327181171169,0.00969809635956618,0.0052775421877473,0.0166895078109839,-0.0249034835115651,-0.0391929045984171,-0.013952555048213,0.00920105748747579,-0.000630447747568188,-0.00792542928771245,-0.0258814257841219,0.00812573736183752,-0.0274967812259479,0.0629711176500064,-0.0500598071842695,-0.00088855879432974,0.0132367159792178,-0.000114977616599474
"32",0.000429817548404082,0.0141374446869482,0.00738709961033587,-0.000324126169437711,-0.0079994037126841,-0.0106825245093693,0.0335594223411885,-0.0142716003802185,-0.0141242981851138,-0.000958921310874232,0.00783304027174451,-0.0476772254820708,0.0286430802495698,0.0293879331768516,0.0252488259782348,-0.0279365805972321,-0.0176406074749148,-0.00500519823181366,0.0173165049964908,0.0120837055432391,0.0113900886211176,0.023089499097255,0.00862548220081897,-0.0232288083087414,0.0138575101316352,0.00913624167916891,-0.0174920485457789,-0.0470389174552893,0.0249831535308354,0.0681295641680933,-0.211638801976177,0.42298462515313,-0.215214957131101,0.0184237656944441,0.031251864274273,-0.01409727135479,0.0280201037986688,0.00953110431478325,0.00190299939666977,-0.0165730923366504,-0.0338826572115608,0.0241351786084741,0.0160113265315696,-0.0556148326008178,0.0241776417223879,-0.0104707492092981,-0.000194814508481927,0.019981364653724,-0.019683856424764,-0.0153928323745435,0.0268112158489638,-0.0165350713754181,-0.00524126693647367,-0.00970402648512057,-0.00856193099476326,0.00512600763194675,-0.00312397213351318,-0.0412852803320237,0.0109164616356312,-0.0109189401511857
"33",-0.0330756980995277,-0.00786322312811246,0.0320347984126046,0.0535182255922795,-0.0335813144074387,0.00854840191184008,-0.0452987862145006,0.0428847678719793,-0.00694968849313064,-0.0401053179751073,-0.00918030069800926,0.0729745391074958,-0.0383430594152328,-0.0283163225558274,0.00583522190097732,0.0106059044799286,0.0377479293727414,0.0217223497999312,-0.0289462443211725,0.00766841900299932,-0.010927859257341,0.00518495570954311,-0.000100923818009073,0.00518596795578024,-0.00847635505865012,-0.00710777562954665,0.047778693169996,0.026623783790901,-0.0056964052117139,-0.0227389072109143,-0.00824270402464373,-0.215214957131101,0.423609291744958,-0.177735088121384,-0.0214799798324533,0.00270296218280941,-0.0171172471089567,0.0119422287056039,-0.00117977463214215,-0.00860698514411074,0.00954399352190605,-0.0653909077530053,-0.00886325199816659,0.0169012328874533,0.007755654029789,0.0214618338372931,0.0276785477657872,-0.0266532032102514,0.010024366311203,0.00474586348889237,-0.00372890106160883,0.0153359302233322,0.0208051946804412,0.00971335529001388,0.0351908785566959,-0.062297597635393,0.0421882146091211,0.020092083355519,-0.0190756863311261,0.0140581676403268
"34",0.00634168426015911,-0.0129495066145795,0.000952346133062843,0.0167884491245172,0.00254093767419811,-0.0285520178431699,0.0081042481172264,0.0315524949659653,-0.0258687651745909,0.000993499089096787,0.000751339813297683,-0.00697104119312132,-0.0188695922167487,0.0223540986781541,-0.0199694286596791,0.00966326805851063,0.021559644366819,0.0378259966238199,-0.0100062173528089,-0.0346423122964105,-0.0214315634210916,-0.00325804481520983,-0.00241449580926312,0.0252176116522584,-0.0191001310643659,-0.0291091804297861,0.0586663653429064,0.0388722686869019,-0.0274350241116153,-0.0327663420627124,-0.0106438787248996,0.0184237656944442,-0.177735088121384,0.460408025192773,-0.239778633974903,-0.0132396401327708,0.0122375284553569,0.0297582956550515,0.0022063358858783,-0.0297688440790221,-0.00844664207460357,-0.0250041497572624,0.00591011279787503,-0.00874508657819756,-0.00554752929858607,-0.0084740232137031,-0.00723281387354952,0.0161599637699634,0.0139708795020616,0.00503098421236222,-0.0192414820698929,-0.00568563215721783,0.03114590149862,0.00198439981339668,0.00287617841075645,-0.0398437161923298,0.0357401086520937,0.000394057158846131,0.00219988462231641,0.025006883897506
"35",0.0190942051783131,0.00473760494124219,-0.0176602477626473,-0.0519758467853593,0.0108361374549819,-0.015876966656779,-0.0123164179388502,-0.0153249944976985,-0.00992682127928768,0.00751424388632854,-0.00433420837272121,-0.013221662637895,0.0348004611042502,0.017118568370496,0.0410670032371283,-0.00561761237013409,-0.00602688660422761,-0.0143260179503503,-0.00826828120009164,-0.00418574791992521,-0.00607753101281678,-0.00869806721124047,0.0237439637823426,0.0113742187187139,-0.0161121071333761,0.00910731860585503,0.0105806586846348,-0.0281635144427102,0.00443470721531254,0.0192733319910266,0.0126336934961371,0.031251864274273,-0.0214799798324531,-0.239778633974904,0.568914891547997,-0.214590087557433,-0.00778069713712678,-0.0125731198418896,0.0155177849165251,-0.0152682861713812,-0.0326494149613441,0.0532617790656588,-0.0200665918459625,-0.0425933404040231,-0.020653643948176,-0.0450148033070761,0.00889411483278181,0.0245878388588662,0.0400315458621227,-0.011767437635387,-0.00157546390943429,0.00164493365537729,-0.00163274875041877,0.0176619086289768,-0.0249398920794954,0.0322220897213023,-0.0352549989106325,-0.0230035455419126,-0.0015082394578563,-0.0144606715565464
"36",0.0168060551524045,-0.01432783752304,0.0114027723214059,-0.0223390339753116,0.00129216152702166,0.0113440384511756,0.00832453805059531,-0.0375173624208864,0.0177726686029002,0.00766587969697865,-0.0246229394538272,0.0277886985687813,0.00145036280723017,-0.00967421841054954,0.0338342450868619,-0.0101923771946876,-0.00680996580331333,-0.0128028782486871,0.0173229731087651,-0.00746831811409925,0.00998247305785326,-0.012769990299985,-0.00788014437788788,-0.0161150697943808,-0.00822303140566374,0.00474661608687997,0.00654325006421471,1.20917194987051e-05,0.00185422585086756,-0.00243460614808431,0.024052371548385,-0.0140972713547899,0.00270296218280942,-0.0132396401327709,-0.214590087557433,0.484722723544114,-0.227712515385707,-0.0135726440270979,-0.0146127588462251,0.00497815446776552,0.0144145741640742,0.00462492782327284,-0.0276423062916702,-0.0213162904408348,-0.0072181503671135,0.0181319088139645,0.0197138396417002,-0.00151563453066797,-0.0147472054236978,-0.00497096106240261,-0.00183888753954755,-0.000713190863525826,-0.00255442823119973,0.00591645076959193,0.00719340791318515,0.0396653095460995,-0.0296230740292189,0.00760623592028637,-0.0171536797026093,0.00328126357054616
"37",0.0399754129239562,0.00112539143489872,0.0117511367227106,0.00429592737695083,0.0163081496582546,0.0159351820704531,0.0570724197376726,-0.0606381915485968,0.022246462528234,0.0285691860693481,-0.0352980307438552,-0.0224600419499298,0.0362183592569233,0.0128218544132851,-0.0283640900283846,-0.0304238478580419,-0.0437434135603573,-0.00260378195800235,0.0238924508906462,0.0125527301297463,0.00588855018033382,0.0286451072768536,0.0338400651744451,-0.0288537723285633,0.0439773653413797,0.00327189255062354,-0.079406855605329,0.0148295968059246,0.0142471336945608,0.016195045248846,0.012335455358113,0.0280201037986688,-0.0171172471089568,0.012237528455357,-0.00778069713712672,-0.227712515385706,0.489971395277128,-0.198352332389769,0.0212256250747578,-0.0153517268598793,0.0161127343881042,-0.0146331114639707,-0.0142705839174947,-0.0337264950857847,-0.0102522265932796,-0.0366882064818364,0.00286563808788935,-0.0174088070263094,-0.0241560861046838,0.0429137694008951,0.065266968288917,0.000685159745778294,-0.0267742677991634,-0.0252665274020795,-0.0355487122383441,0.0555284471901731,-0.0420968226238329,-0.0344973532339496,-0.00471432915022323,0.00226345328255382
"38",-0.016284721621456,-0.00967488741563373,-0.0313545617827812,0.0600241412428648,-0.0109691558087619,0.0366246179752907,-0.0262271026201278,0.0418795507761535,-0.0568079167649124,-0.0010780079782933,0.0345324259198314,0.00879426073703313,-0.0100987471739959,0.0136904503507676,0.00478945315828622,0.0189241462266799,0.012833568637781,0.00695922735860202,-0.0239614374658492,0.0118373953144011,-0.000164018944825915,-0.0225868515609574,0.00939038706945768,0.00706357791571455,0.0216197085541063,0.00549151714823703,0.0160105045513562,-0.0121220121939078,-0.00244853075391574,-0.0348142591261047,0.00259325101316483,0.00953110431478316,0.0119422287056039,0.0297582956550514,-0.0125731198418894,-0.0135726440270979,-0.198352332389769,0.43089464243361,-0.178113333804677,0.00556136615149837,-0.0208819691342646,-0.00141614165373367,0.0178287121800964,-0.0241249991291542,-0.0311118833399214,0.00491021466660818,0.0255799909354326,-0.0109257858549135,0.00824528066268621,-0.014533012692232,0.00577148573876722,-0.0175170352411587,-0.025828129548716,0.011820780429838,-0.0165376950199669,-0.0475660599457574,0.0395353593498775,0.00486689704833921,-0.00725413195172146,-0.0274608047486593
"39",-0.0371813962731743,0.00582898023522961,0.0225852761758101,-0.0200658925890382,-0.0123693525079325,-0.0202245882990258,0.0146789180679455,0.00717666313662212,0.0108180894272292,0.00250744942433109,-0.00296421285146087,-0.0152883736405546,0.00565503510682948,0.0056580249817122,0.0023096594077699,0.0126363345633569,0.0282001121102987,0.0204030119523909,-0.018072308861729,-0.0246673119050652,-0.00450420966687953,0.0315613453539713,-0.00487194771973403,0.0249928642163107,-0.00227254712536472,-0.0147623886302415,0.0269191453428248,-0.0191132048962648,-0.0179050102145473,0.0153814593883808,0.0152764986232315,0.00190299939666975,-0.00117977463214208,0.00220633588587832,0.0155177849165251,-0.014612758846225,0.0212256250747579,-0.178113333804677,0.37785453252889,-0.199682426436395,0.0347002388633645,0.0122056973110516,0.010981949203899,-0.0156139997270243,0.0114471051831531,-0.00353476405492499,-0.00566771509206028,0.00841303130078759,0.00911131780784008,-0.0174851793774259,-0.0312779264043723,0.0103244584605465,0.0227331286879178,0.000804264678498339,-0.00837157138750968,0.00747427735847826,-0.0145829815505026,-0.00271928428624402,-0.0157640436655904,0.00603297940710343
"40",-0.00457313351672597,0.0223027447641146,0.0137244342570983,0.0160714970322761,-0.00462632601576507,3.90650800855995e-05,-0.0215870062117546,-0.0326599716439533,0.0191691960878332,-0.00764310298068667,0.00234381891436134,-0.0131924236118708,0.0297764350947767,-0.0456211045900807,-0.00299362853535345,0.027826819012877,0.00097742739069935,-0.0251353691472122,0.0042100984809784,-0.0256290554454019,-0.0186226404501917,0.0226856521137367,0.00741083903146635,-0.0070274601500562,-0.00773166565930314,0.00795899747970572,-0.0306733658592927,0.0330702628612772,0.0209384812181889,0.0171898301755544,-0.0185164275846496,-0.0165730923366503,-0.00860698514411067,-0.0297688440790222,-0.0152682861713813,0.00497815446776554,-0.0153517268598793,0.00556136615149836,-0.199682426436395,0.417047048351178,-0.162230490925856,0.0139328115764675,-0.0281177460368199,-0.00353779500272505,0.0209272346334528,-0.00604254027274359,-0.0318027387465033,-0.0090363215144301,-0.0368831922266293,0.0127094824793772,0.00743177675448506,0.0149048249433365,0.00295093591855859,-0.018465935812437,0.00992212786144563,0.00481983686319495,0.0290567535102013,0.00541373020423395,0.0130615554253767,-0.00898432273904133
"41",0.0123518104276221,0.00563093496578986,-0.0235681335417622,-0.0107278311410644,0.0256947324719984,-0.0115687464158074,0.0153419919062003,-0.00209168151591437,0.0132546240428249,-0.00490020647225606,-0.00233598496124657,0.00546381633534672,-0.0165889474457465,0.0223285702171954,0.0180697489916754,-0.026885991891806,0.0041009916613385,-0.0211894218278259,-0.0130061309721541,0.0430845545647249,0.0199688626842521,-0.00853338264340197,-0.0213123849792445,-0.0211671826999249,0.00615953005171516,0.0169610975814632,0.00642890941725626,0.00954078110301913,0.0051112680267886,-0.00844054433038469,0.0226773714047571,-0.0338826572115607,0.00954399352190597,-0.00844664207460364,-0.0326494149613439,0.0144145741640743,0.0161127343881042,-0.0208819691342647,0.0347002388633646,-0.162230490925856,0.360985327156017,-0.188430834537786,0.0326054218875386,-0.00552162292066153,-0.0310969091514978,0.00851331615318083,-0.00860700760039824,0.00620365990390236,-0.0273314260994757,-0.00047240897426249,0.014853813084977,-0.00865305802916615,-0.026728895741781,0.00188369729236742,-0.0123216619416161,-0.00796656320490312,0.0103983253679207,0.00281938795825496,-0.0150154596969408,0.0109675148252511
"42",0.0171300374658642,-0.000920013084039156,-0.0137505410256273,-0.0225483148401781,-0.0123791935504786,0.0143733797257606,0.0025262690080134,-0.0474757265517217,0.0123262882847077,0.0368158708786833,0.0167949185483165,-0.0182988024421392,-0.0138959219784587,-0.0148224463965188,0.00653825528480062,0.0234853652344209,-0.0263579027651899,-0.0103097730344217,0.0124239006864843,-0.0158999726871954,0.0136162588074967,0.0357544391369876,-0.00101038025447102,0.00118117003389408,-0.00922508005592618,0.00997058872176113,-0.0106003043339754,-0.00430424637378564,0.0275723703269926,-0.00708287731075661,0.0322301325838521,0.024135178608474,-0.0653909077530051,-0.0250041497572624,0.0532617790656589,0.00462492782327286,-0.0146331114639707,-0.0014161416537335,0.0122056973110516,0.0139328115764675,-0.188430834537786,0.410396881202815,-0.176848824422359,0.0692356925191221,-0.00224788850883893,-0.0341382486903882,-0.0354835782250393,-0.0265119695674924,0.0286503146797622,0.031606173654497,0.0170048788563616,0.00279659402854279,-0.00850761718441299,-0.0130387596017652,-0.00212920606201527,0.0546915744176649,-0.032145925206392,-0.00300672795296522,0.00333095109632459,-0.0028251069883544
"43",-0.023431998207999,0.0144462726908933,0.00718626585418047,-0.0130229816382575,-0.00168837282194912,-0.0158380597703397,0.0408052976589072,-0.0101895628546077,0.011103502506701,0.0285374168921158,0.0227908599194787,-0.0441869563557071,-0.0195233441314105,-0.00142439048549063,-0.0102186126171705,0.0170022709194536,0.0210482501766981,-0.00441082430758682,0.0216128268880221,0.0192237765452717,-0.00277340653883863,-0.00615777031665417,-0.0292012929860835,0.00324475790438651,0.0163503185421916,0.00691743026042203,-0.0165384008614709,-0.00107075600461384,0.00170883507232691,-0.00840238789918145,-0.0133327181171168,0.0160113265315695,-0.00886325199816655,0.00591011279787501,-0.0200665918459625,-0.0276423062916702,-0.0142705839174947,0.0178287121800965,0.010981949203899,-0.0281177460368199,0.0326054218875385,-0.176848824422359,0.357631664164802,-0.153291503098531,0.0183600065673325,-0.00632617364819341,0.0192704758762045,0.022909510865718,-0.0225913134637689,-0.0376112990575305,-0.0139640361912027,0.00352618765946677,-0.0126834091796297,0.00936397045223865,0.0191230890768841,-0.006686723047956,0.000922012286487218,-0.00951400476433155,-0.00414345995504051,-0.0288685743901761
"44",-0.00735670741248922,-0.000785961772610968,-0.00773446013782399,-0.00876085354711352,0.0094371715188076,0.0270826599022142,-0.0438960317404977,0.0661754699820783,-0.000646584171570828,-0.03595580229006,0.0131801668641964,-0.00156922205239137,-0.0152665305268773,-0.00033416258353648,0.00484859264267287,-0.012234695200512,-0.00137373197779548,-0.0245762040244226,-0.0159731329446116,0.0161579338873358,0.0282643286860247,0.00480356554917903,-0.030857859299662,0.00548893317260974,-0.0288510063043517,0.013939991408767,0.00477062939916372,-0.00728396044440251,-0.0169316151742169,0.00633971878350356,0.00969809635956629,-0.0556148326008176,0.0169012328874532,-0.00874508657819765,-0.0425933404040231,-0.0213162904408349,-0.0337264950857849,-0.0241249991291542,-0.0156139997270242,-0.00353779500272512,-0.00552162292066152,0.0692356925191217,-0.153291503098531,0.381671003207481,-0.180495775649133,0.0398454021506873,0.0080015600237367,-0.00307445660610371,-0.000422901010525141,0.0227620261432746,-0.00931014186225733,0.00780714135909191,-0.00629682344672593,-0.0261364363688197,0.0528827556318606,-0.0366486278433413,-0.00780594818743848,0.02549719415246,0.0222754034315757,0.0376157518444594
"45",-0.00665389589239651,-0.0112285440450049,0.0307972038236537,-0.001764934876227,-0.0106501349864378,-0.0576240153421165,-0.0218539413464718,0.0176154701494424,-0.0290925508617931,-0.0282893470280745,0.0333639832696463,0.0319120896087052,0.0019615173898245,-0.00726759552323917,-0.00182358453334719,-0.0108531903060766,-0.00035260187626476,0.0409584497704845,0.00390719577282339,-0.017553221146188,0.00675892708540971,-0.00912397774337238,0.0189912937992738,0.0151758381420319,0.0149580318409198,-0.0204094176831684,-0.023010478702859,0.00145194715006997,0.0273660188080606,-0.0383690416472382,0.00527754218774728,0.0241776417223881,0.00775565402978911,-0.00554752929858602,-0.0206536439481759,-0.00721815036711364,-0.0102522265932797,-0.0311118833399212,0.0114471051831532,0.0209272346334528,-0.0310969091514979,-0.0022478885088389,0.0183600065673327,-0.180495775649133,0.492325580790234,-0.21590638488256,-0.000330215039484432,-0.0177023422740211,-0.0264960128378888,0.000808486143421989,0.0239591627024145,-0.00622211459072239,0.0304556549941613,0.0182542230135762,-0.00798091927617413,-0.00615612444052793,-0.00418690061479412,0.0285894278565932,-0.0128410626660615,-0.0523362387255722
"46",-0.00928539281689757,-0.0147248736011848,-0.028396142114506,0.0218081053488573,-0.0132279284206633,0.0198745507559468,0.00875279980552166,0.0100832751069492,-0.0155660657958142,0.00293217840018462,-0.010388271214039,-0.00484434618029207,-0.0233375720777625,0.0277100651560864,-0.0086896572272533,-0.0245518941618338,-0.00471608351348825,0.0289846912133045,0.0320320252035639,-0.0132163975082108,0.00551807645217189,-0.0119033546300996,-0.0121297584926188,-0.00816431983597616,-0.00092839106698973,-0.0279415728610944,0.0394949969710465,0.00433277914034037,-0.0303194452169712,0.000142814683697521,0.0166895078109839,-0.0104707492092982,0.0214618338372931,-0.00847402321370305,-0.0450148033070762,0.0181319088139646,-0.0366882064818365,0.00491021466660832,-0.00353476405492491,-0.00604254027274357,0.00851331615318099,-0.0341382486903882,-0.00632617364819342,0.0398454021506874,-0.21590638488256,0.523953665690772,-0.204290850943929,0.0355398397959564,-0.0074884575597819,-0.0692078793635991,-0.029084013568118,-0.0214269311639859,0.025180428599012,-0.00237458801964683,-0.0163307303572141,0.00309308680500506,0.0202438882804052,0.0185753612041591,0.043916762769624,0.0371123526405201
"47",0.00443449594496468,-0.000605074238054138,-0.0105915301538668,0.0192411996571723,-0.0213879910281353,0.0390023311454785,-0.00845307927838264,0.000610433381945485,0.0440989414577423,-0.00686290071660494,-0.0132027220962909,-0.0124402297869819,0.0175152786240383,0.0204913944418557,-0.037092443514384,-0.0120210400903178,0.0274859861330719,0.00459107145533808,-0.0181604006321404,-0.0230499441977589,0.0270793595087711,-0.0199322598951038,-0.0100805364121479,0.0297489132240116,-0.019171324907655,0.0141697806545813,0.00373201492465097,-0.0123872408074797,-0.0234745073060529,0.0205397600806418,-0.0249034835115651,-0.0001948145084819,0.0276785477657874,-0.00723281387354953,0.0088941148327818,0.0197138396417002,0.00286563808788942,0.0255799909354326,-0.00566771509206027,-0.0318027387465032,-0.00860700760039831,-0.0354835782250393,0.0192704758762046,0.00800156002373668,-0.000330215039484372,-0.204290850943929,0.454641122806684,-0.168847706066908,-0.0106810010243268,-0.0416937122606585,-0.0368372110855707,0.0261565446359994,0.00160902914906771,0.0142510833519744,0.0164663500973409,0.0143229570350569,-0.0272756781314514,0.000936486495459691,0.0124723644386959,0.0008034785057607
"48",0.0223278428478288,0.0315108653066537,-0.0300426913762791,0.00285969253725004,-0.00694690561575733,-0.0162405609061022,-0.0172530849611218,0.0109209714092535,0.00791149932303037,-0.0174112403162865,-0.0292084965498876,0.0412521725134678,0.00878434290122703,-0.0195553631235426,0.0161927476843276,0.00931529960653802,-0.0201778974547829,-0.0147692550332824,0.0201009808776587,0.0180879957239462,-0.0132475994766151,0.0114174554988126,0.0425854433814909,0.0240441471983211,-0.022420881084657,-0.00327912092202353,0.00972914994325806,0.00395162203733451,0.00945194574492605,0.00186521619977936,-0.0391929045984169,0.019981364653724,-0.0266532032102513,0.0161599637699635,0.0245878388588663,-0.00151563453066806,-0.0174088070263095,-0.0109257858549135,0.00841303130078749,-0.00903632151443009,0.00620365990390229,-0.0265119695674924,0.022909510865718,-0.00307445660610367,-0.0177023422740211,0.0355398397959565,-0.168847706066908,0.417551351005646,-0.175531426044441,-0.00428435836498062,-0.0508402908440913,-0.00058790249295007,0.0227710138788415,-0.00429505462814852,0.017220040291901,-0.0488760432246028,-0.010853360183628,0.0378858852305274,0.00425297815874446,0.0265716875048909
"49",0.0315806245825772,-0.050036169939667,0.00168021454331687,-0.0211957660342793,5.45979704470398e-06,0.00962074132163979,-0.0120140543347126,-0.0184912518922094,-0.0122147537013854,0.00210349233150714,-0.00888989264349744,0.0141169130077904,0.0154481897347985,-0.00454873920499858,0.0179296851454774,0.00361947046629272,-0.0159774309041726,-0.00581772745336529,-0.00358280820357697,0.0169448478233375,-0.013179807533215,-0.0155247198335943,-0.00469545486648285,-0.00786008100344163,0.00333326631062731,-0.0123387896338743,0.029004192344525,-0.0131976022442831,0.0093698222463317,-0.0161778416021274,-0.0139525550482129,-0.0196838564247641,0.0100243663112029,0.0139708795020617,0.0400315458621227,-0.0147472054236977,-0.0241560861046838,0.0082452806626862,0.00911131780784006,-0.0368831922266292,-0.0273314260994756,0.028650314679762,-0.022591313463769,-0.00042290101052515,-0.0264960128378889,-0.00748845755978193,-0.0106810010243268,-0.175531426044441,0.392086812435265,-0.104277051555962,-0.0137084259855569,-0.0140673138508775,0.0412415246937786,0.0182712560911144,0.00248551249151239,0.00879200764032144,0.0123276102525726,-0.0423428104245165,-0.025949420376641,0.0344890906349756
"50",-0.0272973176634518,-0.0192987368389691,0.0412968464952511,0.0305198293741334,0.00859422882635455,0.0089304580644727,-0.0074929372863997,-0.0140111616178043,0.00535582086213715,-0.00572951164720874,0.0422396852428922,-0.0204765838652622,-0.022030112243229,-0.0055952443774048,0.01887535930844,0.012122040108223,0.0174983587523799,-0.00950109968184688,-0.0149644629237582,0.0147870083482826,0.00176029325542931,-0.0414624806207648,-0.0150197029207414,0.0126537659920235,0.0240600915656074,-0.000432738399473654,-0.000483616751755278,0.0246669240763522,-0.00190334745936489,-0.00462366089098182,0.00920105748747578,-0.0153928323745435,0.00474586348889242,0.00503098421236226,-0.011767437635387,-0.00497096106240263,0.0429137694008954,-0.014533012692232,-0.017485179377426,0.0127094824793771,-0.000472408974262491,0.0316061736544971,-0.0376112990575304,0.0227620261432745,0.000808486143422038,-0.0692078793635991,-0.0416937122606587,-0.00428435836498067,-0.104277051555962,0.239254919406423,0.0043160327897743,-0.0110894290359502,-0.0477997079885664,-0.00618734062425735,-0.0117345917526295,-0.00542944448682064,-0.000161895667814218,-0.0224340991703817,0.0043359779355467,-0.0105266510194467
"51",0.045805222012293,0.00114280216957478,0.0164779600571179,0.00813740796711566,0.0228835652442055,-0.0288559965292219,0.025851939024237,-0.052456014271328,-0.00936213745523974,0.0263873787154401,0.00263427755385181,0.0226918099872594,0.00678412885450349,-0.0185139133993891,-0.00431057525120286,-0.0325473618286362,-0.0106456269857711,0.0209020356969639,-0.000289162095474523,0.0371495801056783,0.004816643972426,0.0300090541461181,0.0350126122262029,-0.0452942063296246,0.0506204636113264,-0.00663915883567284,-0.0363632520400822,0.00833567793162456,0.0186279432705109,0.00544528264354158,-0.00063044774756833,0.0268112158489638,-0.00372890106160876,-0.0192414820698929,-0.00157546390943428,-0.00183888753954759,0.0652669682889171,0.00577148573876722,-0.0312779264043723,0.00743177675448502,0.0148538130849771,0.0170048788563616,-0.0139640361912027,-0.00931014186225722,0.0239591627024145,-0.0290840135681178,-0.0368372110855706,-0.0508402908440913,-0.0137084259855569,0.0043160327897743,0.316019545023827,-0.0480422982761703,-0.0576124177240081,-0.0231193147739799,-0.0162064442468284,0.0458569204546652,-0.0410515159040629,-0.0264713026348814,-0.0466492378316265,-0.0628721637825006
"52",0.0306088371059299,0.011756005092421,-0.00143008373047917,-0.0399796892442091,-0.00624981476628575,-0.0125122405548794,0.00372744440576796,-0.00979697700623489,0.0152567164714897,-0.00473385916627161,-0.00342638052132486,-0.0306829995077909,0.0219156571331711,0.00473001139749512,-0.00940541419624451,-0.020685415656256,0.0162654088852643,0.0395715548542364,-0.0301258155109756,-0.00135676300542365,0.0204443803961654,0.018057909516278,-0.0325499881713877,-0.0187154310967046,0.0416055425673767,0.0276502535434366,-0.0235226815295682,0.00120985085807479,0.0248376731502041,-0.00969005572297179,-0.00792542928771259,-0.0165350713754182,0.0153359302233322,-0.00568563215721786,0.0016449336553773,-0.00071319086352587,0.000685159745778403,-0.0175170352411586,0.0103244584605465,0.0149048249433364,-0.00865305802916611,0.0027965940285428,0.0035261876594667,0.00780714135909185,-0.00622211459072242,-0.0214269311639858,0.0261565446359993,-0.00058790249294999,-0.0140673138508775,-0.0110894290359502,-0.0480422982761705,0.246580146851629,-0.0778128948347205,0.00500999395171058,-0.0341873408612132,0.0262319205847848,-0.00840665159176999,-0.0199480616645892,-0.0116416922833735,0.0269637902416551
"53",-0.0126197825341498,-0.00468124843670419,-0.0133118731501654,0.0048856868998748,-0.0325283008006798,0.00157728856468414,-0.0207676119948367,0.0200495046994014,0.00866389603500239,-0.0201482420818043,-0.00269445491150098,0.0125059336975859,-0.00326791304329687,-0.00821412037280409,0.0193787876239115,-0.00345744908241652,0.000208907477652728,0.00303462371114819,0.0121006066674278,-0.0386789886523512,-0.0123735287555025,0.0028339799328558,0.0203323600827659,0.0325445797991109,-0.0493005736765021,-0.0199868638700437,0.039880472468672,-0.0121921340801456,0.00476442903407015,0.00251797639703147,-0.0258814257841219,-0.00524126693647364,0.0208051946804412,0.03114590149862,-0.00163274875041871,-0.00255442823119975,-0.0267742677991635,-0.0258281295487162,0.0227331286879178,0.00295093591855862,-0.026728895741781,-0.00850761718441301,-0.0126834091796297,-0.0062968234467259,0.0304556549941614,0.0251804285990119,0.00160902914906778,0.0227710138788415,0.0412415246937783,-0.0477997079885664,-0.0576124177240083,-0.0778128948347203,0.190339570625769,-0.0169902566171682,0.0496475026373691,-0.0443133312500363,0.0177637975480777,0.0167198779299771,0.00805732520504368,0.00587907491712282
"54",0.0194899193360858,-0.0283579048474775,-0.00681309505322987,0.00821222858750941,-0.00506721759851179,0.000695797189870501,-0.0130686029666894,0.0076080658664304,-0.0442211900400053,0.0149692603632309,0.0181544612404692,0.000704445683620158,0.0131605475472307,0.00228721944117461,-0.0123616798762575,-0.00971196095719597,0.0284756890626288,0.0214126699700868,-0.0140640041247394,-0.00663312227840158,-0.000498467732268858,-0.0322866643799415,0.00996697341430953,0.00162177250807518,-0.0119909012254103,-0.000120801002943093,-0.00852489900121058,0.00982891405682689,-0.0106145887348033,0.00414424977750067,0.00812573736183758,-0.00970402648512052,0.00971335529001387,0.00198439981339675,0.0176619086289768,0.00591645076959187,-0.0252665274020797,0.0118207804298381,0.000804264678498321,-0.018465935812437,0.00188369729236737,-0.0130387596017652,0.00936397045223871,-0.0261364363688197,0.0182542230135762,-0.00237458801964682,0.0142510833519743,-0.00429505462814847,0.0182712560911145,-0.00618734062425735,-0.02311931477398,0.00500999395171057,-0.0169902566171681,0.161492314546542,-0.0425026483806935,-0.00938483981840468,-0.0137408589001649,-0.0188476122868296,-0.00790545716467237,-0.017829344220289
"55",-0.0211187377678329,-0.0370149053496493,0.0145546051972271,0.0196684523104269,-0.0285431686174749,0.00939118687615073,-0.0257366658200275,0.043883581993493,0.0213857804009693,-0.033924097626836,-0.00250541532752272,0.00859234214711333,-0.0548420444235094,-0.011358015250258,0.00176626750962096,0.00488385476797109,0.00470891233962049,0.00891900894731469,0.0120330263775568,-0.0292890066797425,-0.00978048252510173,0.0256886855520284,-0.0099942960961876,0.00420824903819622,-0.0360775379781849,0.0120247984914742,0.0573289689153673,-0.0236734755337665,0.00699570678091093,-0.00373968674353203,-0.0274967812259477,-0.00856193099476327,0.0351908785566957,0.00287617841075648,-0.0249398920794955,0.00719340791318508,-0.0355487122383444,-0.016537695019967,-0.00837157138750973,0.00992212786144575,-0.0123216619416162,-0.00212920606201525,0.0191230890768841,0.0528827556318606,-0.00798091927617415,-0.0163307303572142,0.0164663500973409,0.017220040291901,0.00248551249151247,-0.0117345917526295,-0.0162064442468286,-0.0341873408612134,0.0496475026373689,-0.0425026483806936,0.208916986026935,-0.0728651579227561,0.0312427343533586,0.000429302076667288,0.00839591620259937,0.00415117384790546
"56",0.0800955305981965,0.0204979732370833,-0.0221756256418101,-0.0573135280001168,0.0265103806162796,-0.000265251156513447,0.0513071997011255,-0.100557870731041,0.00945097899586147,0.0665941664936031,0.0169899719236936,-0.0658830607318926,0.0326563300466498,0.00467658800792696,-0.00935408052040454,-0.0364175615772537,-0.0211243248061966,0.00072438733978402,0.0232132812124743,-0.00607942069678274,0.00667314155830226,0.0221197500625532,0.0240027051343835,-0.0262807026907269,0.0260852610056748,0.00600447224172093,-0.039316725959487,-0.0081623996758634,0.0332458439156022,-0.0120637565879985,0.0629711176500063,0.0051260076319468,-0.062297597635393,-0.0398437161923298,0.0322220897213024,0.0396653095460994,0.0555284471901732,-0.0475660599457575,0.00747427735847826,0.00481983686319487,-0.00796656320490318,0.054691574417665,-0.00668672304795596,-0.0366486278433412,-0.00615612444052786,0.00309308680500508,0.0143229570350569,-0.0488760432246027,0.00879200764032144,-0.00542944448682073,0.0458569204546652,0.0262319205847848,-0.0443133312500364,-0.00938483981840463,-0.0728651579227562,0.254968407532297,-0.110906711623039,-0.0191259867788093,-0.0295198896749901,-0.03150770052837
"57",-0.0694319125225182,-0.00803365335888935,-0.0268980699929034,0.0480342654362224,-0.0152973661217313,0.0117557493185674,-0.0308409545976037,0.0575895912334164,-0.0086825336631222,-0.0469682570645918,0.00420364403052111,0.0201835216044832,-0.0170997436440669,-0.013737913008827,-0.00310153499126995,0.0268294324840819,0.0075821607652306,0.00943468096207279,-0.0149909596674341,0.0109266683437961,-0.0468384607863691,-0.00319107478394827,0.0104503437956659,-0.0173237742737858,-0.0371740008717915,0.00185958450469653,0.0451427418817288,-0.00914208315982778,0.00154662385075306,0.00333681892965041,-0.0500598071842693,-0.00312397213351325,0.0421882146091209,0.0357401086520934,-0.0352549989106326,-0.029623074029219,-0.042096822623833,0.0395353593498773,-0.0145829815505026,0.0290567535102012,0.0103983253679206,-0.0321459252063922,0.000922012286487266,-0.00780594818743853,-0.00418690061479407,0.0202438882804051,-0.0272756781314514,-0.010853360183628,0.0123276102525726,-0.00016189566781424,-0.0410515159040628,-0.00840665159176996,0.0177637975480777,-0.0137408589001649,0.0312427343533586,-0.110906711623039,0.232382992394859,-0.0231356789090011,-0.00949641882426727,0.0171958318872282
"58",-0.0346554563715496,0.0214826572537546,-0.021149048337001,-0.0103051680316429,0.0145451913791237,-0.0243275334755632,-0.02205204858475,0.0448318733169395,-0.0191208449250425,-0.0271709452417161,-0.0182185182166003,0.0463993308375307,-0.0273075898284948,-0.00023741012523714,-0.0248684634479994,0.0279961725331165,0.0180357383705939,-0.00150060307518205,-0.0138511783862028,0.00018629876467954,-0.00141197759524182,-0.00261425604103705,-0.0324697443250872,0.0455667201992529,-0.0125273136331585,-0.0131197990027697,0.0241002747363187,-0.00958625373830026,-0.00930036913471966,0.0298223215413527,-0.000888558794329849,-0.0412852803320236,0.020092083355519,0.000394057158846241,-0.0230035455419126,0.00760623592028635,-0.0344973532339496,0.00486689704833912,-0.00271928428624403,0.00541373020423407,0.00281938795825495,-0.00300672795296521,-0.0095140047643316,0.02549719415246,0.0285894278565933,0.0185753612041591,0.000936486495459707,0.0378858852305274,-0.0423428104245165,-0.0224340991703818,-0.0264713026348815,-0.0199480616645892,0.0167198779299771,-0.0188476122868296,0.000429302076667219,-0.0191259867788094,-0.0231356789090011,0.213263807794877,-0.0302076225106673,0.0128896589855556
"59",-0.0348340751578174,0.0109641158690463,-0.000297079877486622,-0.0333535600503779,-0.00499093410118799,0.00762125648469877,0.0139969229123914,0.00583476069985648,0.0245801133882925,-0.0166489895964354,0.001509913805602,0.0266406319905103,-0.0659202826826032,-0.000590914270503751,0.0135441094086491,-0.0143881325667766,-0.0151394758259825,0.0163002800703493,0.0194173815302148,-0.0235496494473335,0.00187292839069107,0.0189645374676913,-0.0191844139990609,-0.0355862553036822,-0.00464300963972144,0.0270726860697414,0.00992635553447261,0.00404045108741139,-0.0100237209780071,0.00724565095125301,0.0132367159792177,0.0109164616356313,-0.0190756863311262,0.00219988462231633,-0.00150823945785637,-0.0171536797026092,-0.00471432915022314,-0.00725413195172161,-0.0157640436655905,0.0130615554253767,-0.0150154596969408,0.00333095109632461,-0.00414345995504057,0.0222754034315757,-0.0128410626660614,0.043916762769624,0.012472364438696,0.00425297815874441,-0.025949420376641,0.00433597793554667,-0.0466492378316264,-0.0116416922833736,0.00805732520504369,-0.00790545716467236,0.00839591620259933,-0.02951988967499,-0.00949641882426732,-0.0302076225106673,0.263322491278905,-0.0564085638558092
"60",-0.00890787463594553,-0.0192583872196861,-0.0221221147767876,-0.00614149433686835,0.0246860157506521,0.0374388928163931,-0.0478643653251959,-0.0339541909767778,0.0580916127689699,0.00607848016318075,-0.0410221184615366,-0.0259389220401278,0.00872503997828636,0.0252914785996674,-0.00647347847861724,0.00318453269678998,-0.00783284670711013,-0.022195456317684,0.000563906172669846,0.0134930692543702,0.0271852558414069,-0.0354079458414639,-0.0226371186394895,0.019755048542237,0.00411139294954603,0.0230735181874461,0.0111197282467174,-0.00440372056147957,0.0356200744194333,-0.0188410422542102,-0.000114977616599518,-0.0109189401511857,0.0140581676403265,0.025006883897506,-0.0144606715565463,0.00328126357054626,0.00226345328255392,-0.0274608047486593,0.00603297940710333,-0.00898432273904144,0.0109675148252511,-0.00282510698835441,-0.0288685743901762,0.0376157518444592,-0.0523362387255721,0.0371123526405201,0.00080347850576068,0.0265716875048909,0.0344890906349755,-0.0105266510194467,-0.0628721637825003,0.026963790241655,0.00587907491712275,-0.0178293442202889,0.00415117384790544,-0.0315077005283698,0.0171958318872281,0.0128896589855556,-0.0564085638558093,0.27378108910724
